日期,股票代码,股票名称,开盘价,收盘价,最高价,最低价,成交量,成交额,换手率,振幅,涨跌幅,涨跌额,主力净流入(元),小单净流入(元),中单净流入(元),大单净流入(元),超大单净流入(元),主力净流入占比(%),小单净流入占比(%),中单净流入占比(%),大单净流入占比(%),超大单净流入占比(%)
2025-07-03,600000,浦发银行,14.21,14.15,14.28,14.09,223515,316551149.0,0.07,1.34,-0.35,-0.05,,,,,,,,,,
2025-07-02,600000,浦发银行,14.2,14.2,14.4,14.1,684842,977656405.0,0.23,2.12,0.14,0.02,43139417.0,-73324670.0,30185248.0,101195072.0,-58055655.0,4.41,-7.5,3.09,10.35,-5.94
2025-07-01,600000,浦发银行,13.88,14.18,14.33,13.87,877071,1242184693.0,0.29,3.31,2.16,0.3,220151040.0,-119832758.0,-100318270.0,180297856.0,39853184.0,17.72,-9.65,-8.08,14.51,3.21
2025-06-30,600000,浦发银行,13.4,13.88,13.98,13.25,950515,1297775515.0,0.31,5.39,2.44,0.33,118629144.0,-80971425.0,-37657712.0,62874112.0,55755032.0,9.14,-6.24,-2.9,4.84,4.3
2025-06-27,600000,浦发银行,13.63,13.55,13.99,13.44,1451127,1990098971.0,0.48,4.04,-0.51,-0.07,184314832.0,-49231936.0,-135082912.0,67857744.0,116457088.0,9.26,-2.47,-6.79,3.41,5.85
2025-06-26,600000,浦发银行,13.4,13.62,13.65,13.3,663329,895310745.0,0.23,2.6,1.19,0.16,65384724.0,-91622630.0,26237909.0,-25818375.0,91203099.0,7.3,-10.23,2.93,-2.88,10.19
2025-06-25,600000,浦发银行,13.31,13.46,13.52,13.2,563299,752682259.0,0.19,2.4,1.13,0.15,66966194.0,-55977217.0,-10988978.0,6687052.0,60279142.0,8.9,-7.44,-1.46,0.89,8.01
2025-06-24,600000,浦发银行,13.31,13.31,13.54,13.16,842876,1123477728.0,0.29,2.85,0.0,0.0,-11984160.0,-62498560.0,74482720.0,6914416.0,-18898576.0,-1.07,-5.56,6.63,0.62,-1.68
2025-06-23,600000,浦发银行,12.98,13.31,13.36,12.88,810592,1067412053.0,0.28,3.69,2.23,0.29,-5211149.0,-152429588.0,157640720.0,40807961.0,-46019110.0,-0.49,-14.28,14.77,3.82,-4.31
2025-06-20,600000,浦发银行,12.78,13.02,13.02,12.73,697934,903428591.0,0.24,2.28,2.2,0.28,59630749.0,-105472596.0,45841846.0,23877060.0,35753689.0,6.6,-11.67,5.07,2.64,3.96
2025-06-19,600000,浦发银行,12.78,12.74,12.84,12.64,437681,557599593.0,0.15,1.56,-0.31,-0.04,13857825.0,-19460722.0,5602898.0,19484917.0,-5627092.0,2.49,-3.49,1.0,3.49,-1.01
2025-06-18,600000,浦发银行,12.56,12.78,12.83,12.51,698540,890776692.0,0.24,2.55,1.91,0.24,143048462.0,-60745042.0,-82303416.0,107409933.0,35638529.0,16.06,-6.82,-9.24,12.06,4.0
2025-06-17,600000,浦发银行,12.58,12.54,12.65,12.45,373698,468354086.0,0.13,1.59,-0.32,-0.04,62010247.0,-42540673.0,-19469573.0,72889116.0,-10878869.0,13.24,-9.08,-4.16,15.56,-2.32
2025-06-16,600000,浦发银行,12.34,12.58,12.6,12.21,510854,635504882.0,0.17,3.16,1.94,0.24,5863622.0,-1460180.0,-4403442.0,-31477812.0,37341434.0,0.92,-0.23,-0.69,-4.95,5.88
2025-06-13,600000,浦发银行,12.5,12.34,12.55,12.28,618449,764861363.0,0.21,2.17,-0.96,-0.12,-48285406.0,27807971.0,20477435.0,-54274439.0,5989033.0,-6.31,3.64,2.68,-7.1,0.78
2025-06-12,600000,浦发银行,12.35,12.46,12.5,12.23,476767,592474539.0,0.16,2.19,0.89,0.11,7214069.0,-35413131.0,28199061.0,-10473003.0,17687072.0,1.22,-5.98,4.76,-1.77,2.99
2025-06-11,600000,浦发银行,12.36,12.35,12.42,12.24,441141,544126475.0,0.15,1.46,-0.08,-0.01,-10363590.0,-16656185.0,27019776.0,-37600914.0,27237324.0,-1.9,-3.06,4.97,-6.91,5.01
2025-06-10,600000,浦发银行,12.28,12.36,12.45,12.26,498797,616254416.0,0.17,1.54,0.41,0.05,-45142591.0,32533496.0,12609096.0,-74631365.0,29488774.0,-7.33,5.28,2.05,-12.11,4.79
2025-06-09,600000,浦发银行,12.31,12.31,12.34,12.1,565781,691788949.0,0.19,1.95,-0.08,-0.01,-44619700.0,-22626624.0,67246323.0,-44786629.0,166929.0,-6.45,-3.27,9.72,-6.47,0.02
2025-06-06,600000,浦发银行,12.33,12.32,12.39,12.21,432402,531488384.0,0.15,1.46,0.0,0.0,-34870116.0,28342364.0,6527755.0,-19308402.0,-15561714.0,-6.56,5.33,1.23,-3.63,-2.93
2025-06-05,600000,浦发银行,12.42,12.32,12.45,12.28,370145,456671680.0,0.13,1.37,-0.48,-0.06,4186946.0,11942005.0,-16128950.0,-11113946.0,15300892.0,0.92,2.62,-3.53,-2.43,3.35
2025-06-04,600000,浦发银行,12.48,12.38,12.53,12.33,546851,677861305.0,0.19,1.59,-1.28,-0.16,19558433.0,-66879308.0,47320875.0,-15565779.0,35124212.0,2.89,-9.87,6.98,-2.3,5.18
2025-06-03,600000,浦发银行,12.31,12.54,12.57,12.23,834353,1038149397.0,0.28,2.76,1.7,0.21,224241502.0,-131190675.0,-93050816.0,176101978.0,48139524.0,21.6,-12.64,-8.96,16.96,4.64
2025-05-30,600000,浦发银行,12.2,12.33,12.41,12.17,741739,912668310.0,0.25,1.97,1.31,0.16,-25485175.0,13451264.0,12033911.0,72924470.0,-98409645.0,-2.79,1.47,1.32,7.99,-10.78
2025-05-29,600000,浦发银行,12.21,12.17,12.27,12.17,396041,483788796.0,0.13,0.82,-0.41,-0.05,70162988.0,-34540136.0,-35622852.0,58794854.0,11368134.0,14.5,-7.14,-7.36,12.15,2.35
2025-05-28,600000,浦发银行,12.2,12.22,12.33,12.13,457632,559946076.0,0.16,1.64,0.25,0.03,37604551.0,-57479009.0,19874458.0,52866568.0,-15262017.0,6.72,-10.27,3.55,9.44,-2.73
2025-05-27,600000,浦发银行,12.11,12.19,12.25,12.05,511701,622457334.0,0.17,1.66,1.16,0.14,121101028.0,-52991609.0,-68109419.0,62557012.0,58544016.0,19.46,-8.51,-10.94,10.05,9.41
2025-05-26,600000,浦发银行,12.19,12.05,12.25,11.99,863758,1043951444.0,0.29,2.13,-1.47,-0.18,-9387851.0,72392805.0,-63004959.0,-125370694.0,115982843.0,-0.9,6.93,-6.04,-12.01,11.11
2025-05-23,600000,浦发银行,12.39,12.23,12.48,12.22,579616,712934903.0,0.2,2.09,-1.61,-0.2,80195199.0,-35213372.0,-44981828.0,105970826.0,-25775627.0,11.25,-4.94,-6.31,14.86,-3.62
2025-05-22,600000,浦发银行,12.22,12.43,12.53,12.19,638951,792331667.0,0.22,2.77,1.3,0.16,87832130.0,-18339153.0,-69492983.0,48749711.0,39082419.0,11.09,-2.31,-8.77,6.15,4.93
2025-05-21,600000,浦发银行,12.27,12.27,12.42,12.2,416721,513339136.0,0.14,1.79,0.0,0.0,15490824.0,-53475475.0,37984652.0,18489184.0,-2998360.0,3.02,-10.42,7.4,3.6,-0.58
2025-05-20,600000,浦发银行,12.02,12.27,12.34,12.01,800135,976894439.0,0.27,2.75,2.25,0.27,246123046.0,-96773565.0,-149349475.0,8270947.0,237852099.0,25.19,-9.91,-15.29,0.85,24.35
2025-05-19,600000,浦发银行,12.2,12.0,12.25,11.97,631374,762689367.0,0.22,2.31,-0.83,-0.1,-88119156.0,80600565.0,7518590.0,-28935433.0,-59183723.0,-11.55,10.57,0.99,-3.79,-7.76
2025-05-16,600000,浦发银行,12.31,12.1,12.38,12.05,610497,742473908.0,0.21,2.69,-1.55,-0.19,36137569.0,-22538165.0,-13599403.0,9410962.0,26726607.0,4.87,-3.04,-1.83,1.27,3.6
2025-05-15,600000,浦发银行,12.17,12.29,12.35,12.09,649899,796202036.0,0.22,2.14,1.15,0.14,24296411.0,-87833579.0,63537164.0,39951198.0,-15654787.0,3.05,-11.03,7.98,5.02,-1.97
2025-05-14,600000,浦发银行,11.99,12.15,12.19,11.96,721834,873575368.0,0.25,1.9,0.58,0.07,79783172.0,-75081742.0,-4701424.0,71607610.0,8175562.0,9.13,-8.59,-0.54,8.2,0.94
2025-05-13,600000,浦发银行,11.73,12.08,12.15,11.67,850380,1017847179.0,0.29,4.1,3.16,0.37,8440725.0,-43058069.0,34617344.0,45374144.0,-36933419.0,0.83,-4.23,3.4,4.46,-3.63
2025-05-12,600000,浦发银行,11.83,11.71,11.98,11.65,1064366,1258603166.0,0.36,2.8,-0.76,-0.09,226569827.0,-69365885.0,-157203952.0,97114823.0,129455004.0,18.0,-5.51,-12.49,7.72,10.29
2025-05-09,600000,浦发银行,11.65,11.8,11.88,11.62,821481,967087778.0,0.28,2.24,1.46,0.17,8670410.0,-7008054.0,-1662357.0,26367360.0,-17696950.0,0.9,-0.72,-0.17,2.73,-1.83
2025-05-08,600000,浦发银行,11.35,11.63,11.69,11.33,775985,899909970.0,0.26,3.17,2.29,0.26,-52096206.0,-44698168.0,96794368.0,19125845.0,-71222051.0,-5.79,-4.97,10.76,2.13,-7.91
2025-05-07,600000,浦发银行,11.36,11.37,11.38,11.08,719161,811933127.0,0.25,2.69,1.79,0.2,57521141.0,-55291220.0,-2229921.0,40041623.0,17479518.0,7.08,-6.81,-0.27,4.93,2.15
2025-05-06,600000,浦发银行,11.0,11.17,11.19,10.8,972646,1076041107.0,0.33,3.56,1.92,0.21,143132425.0,-107345996.0,-35786432.0,119716736.0,23415689.0,13.3,-9.98,-3.33,11.13,2.18
2025-04-30,600000,浦发银行,10.82,10.96,11.03,10.6,928380,1011035959.0,0.32,3.97,1.2,0.13,-9669724.0,-55823028.0,65492755.0,25095592.0,-34765316.0,-0.96,-5.52,6.48,2.48,-3.44
2025-04-29,600000,浦发银行,10.66,10.83,10.87,10.65,521127,562869896.0,0.18,2.05,0.84,0.09,-37280206.0,19197068.0,18083139.0,-7212818.0,-30067388.0,-6.62,3.41,3.21,-1.28,-5.34
2025-04-28,600000,浦发银行,10.6,10.74,10.74,10.59,483822,517574620.0,0.16,1.42,1.42,0.15,-65816373.0,28696215.0,37120157.0,-26381025.0,-39435348.0,-12.72,5.54,7.17,-5.1,-7.62
2025-04-25,600000,浦发银行,10.75,10.59,10.8,10.57,454472,483223746.0,0.15,2.14,-1.4,-0.15,932653.0,5412318.0,-6344972.0,10114685.0,-9182032.0,0.19,1.12,-1.31,2.09,-1.9
2025-04-24,600000,浦发银行,10.69,10.74,10.85,10.67,397542,428435900.0,0.14,1.69,0.66,0.07,-26378574.0,-7158230.0,33536804.0,13460632.0,-39839206.0,-6.16,-1.67,7.83,3.14,-9.3
2025-04-23,600000,浦发银行,10.71,10.67,10.75,10.58,339927,362271178.0,0.12,1.59,-0.37,-0.04,21856437.0,-24419381.0,2562944.0,8085804.0,13770633.0,6.03,-6.74,0.71,2.23,3.8
2025-04-22,600000,浦发银行,10.56,10.71,10.74,10.55,460472,491852201.0,0.16,1.8,1.32,0.14,-33840710.0,25258294.0,8582416.0,-25939487.0,-7901223.0,-6.88,5.14,1.74,-5.27,-1.61
2025-04-21,600000,浦发银行,10.78,10.57,10.88,10.56,500535,533248958.0,0.17,2.96,-2.22,-0.24,60859331.0,-59296331.0,-1563001.0,43371630.0,17487701.0,11.41,-11.12,-0.29,8.13,3.28
2025-04-18,600000,浦发银行,10.7,10.81,10.87,10.66,480242,518493334.0,0.16,1.95,0.56,0.06,-37771218.0,14232745.0,23538473.0,-25984632.0,-11786586.0,-7.28,2.75,4.54,-5.01,-2.27
2025-04-17,600000,浦发银行,10.6,10.75,10.75,10.43,704203,748750237.0,0.24,3.02,1.42,0.15,22742411.0,-56338145.0,33595734.0,41997069.0,-19254658.0,3.04,-7.52,4.49,5.61,-2.57
2025-04-16,600000,浦发银行,10.45,10.6,10.6,10.35,740945,777378645.0,0.25,2.39,1.24,0.13,-165039726.0,12645781.0,152393945.0,-99888786.0,-65150940.0,-21.23,1.63,19.6,-12.85,-8.38
2025-04-15,600000,浦发银行,10.18,10.47,10.48,10.17,685563,712990091.0,0.23,3.05,2.85,0.29,-108570824.0,46376564.0,62194261.0,-48325651.0,-60245173.0,-15.23,6.5,8.72,-6.78,-8.45
2025-04-14,600000,浦发银行,10.04,10.18,10.22,10.0,621542,629562548.0,0.21,2.18,1.09,0.11,-69898080.0,-13145168.0,83043249.0,30885137.0,-100783217.0,-11.1,-2.09,13.19,4.91,-16.01
2025-04-11,600000,浦发银行,10.06,10.07,10.12,9.92,562462,564930748.0,0.19,2.0,0.7,0.07,-75760677.0,12633364.0,63127313.0,52899968.0,-128660645.0,-13.41,2.24,11.17,9.36,-22.77
2025-04-10,600000,浦发银行,10.18,10.0,10.18,9.91,781081,781663686.0,0.27,2.7,-0.1,-0.01,-24734182.0,18819859.0,5914322.0,-2198794.0,-22535388.0,-3.16,2.41,0.76,-0.28,-2.88
2025-04-09,600000,浦发银行,10.19,10.01,10.19,9.86,997146,997750443.0,0.34,3.24,-1.86,-0.19,147781950.0,-130082748.0,-17699184.0,25046971.0,122734979.0,14.81,-13.04,-1.77,2.51,12.3
2025-04-08,600000,浦发银行,9.77,10.2,10.29,9.75,1494229,1501459278.0,0.51,5.6,5.7,0.55,-103141905.0,160426224.0,-57284320.0,-70347744.0,-32794161.0,-6.87,10.68,-3.82,-4.69,-2.18
2025-04-07,600000,浦发银行,10.27,9.65,10.28,9.46,1423996,1395103302.0,0.49,7.82,-7.92,-0.83,-91020956.0,99875024.0,-8854064.0,-52530332.0,-38490624.0,-6.52,7.16,-0.63,-3.77,-2.76
2025-04-03,600000,浦发银行,10.29,10.48,10.5,10.29,369193,384886880.0,0.13,2.01,0.19,0.02,-26201276.0,27727462.0,-1526186.0,-11242114.0,-14959162.0,-6.81,7.2,-0.4,-2.92,-3.89
2025-04-02,600000,浦发银行,10.29,10.46,10.56,10.29,456257,477144593.0,0.16,2.61,1.06,0.11,-36115342.0,13017887.0,23097456.0,-24846613.0,-11268729.0,-7.57,2.73,4.84,-5.21,-2.36
2025-04-01,600000,浦发银行,10.43,10.35,10.46,10.22,639203,659250550.0,0.22,2.3,-0.77,-0.08,11740698.0,-36248142.0,24507443.0,26212698.0,-14472000.0,1.78,-5.5,3.72,3.98,-2.2
2025-03-31,600000,浦发银行,10.47,10.43,10.63,10.35,493607,518371937.0,0.17,2.68,-0.1,-0.01,3593681.0,14892901.0,-18486581.0,-11564965.0,15158646.0,0.69,2.87,-3.57,-2.23,2.92
2025-03-28,600000,浦发银行,10.53,10.44,10.57,10.41,365729,382165241.0,0.12,1.52,-1.04,-0.11,24907613.0,-13467404.0,-11440210.0,11248267.0,13659346.0,6.52,-3.52,-2.99,2.94,3.57
2025-03-27,600000,浦发银行,10.5,10.55,10.66,10.47,425087,449288519.0,0.14,1.81,0.76,0.08,-37092528.0,20835705.0,16256822.0,-3417628.0,-33674900.0,-8.26,4.64,3.62,-0.76,-7.5
2025-03-26,600000,浦发银行,10.6,10.47,10.61,10.45,366610,385049554.0,0.12,1.51,-1.32,-0.14,41274889.0,-20126477.0,-21148413.0,3880182.0,37394707.0,10.72,-5.23,-5.49,1.01,9.71
2025-03-25,600000,浦发银行,10.65,10.61,10.69,10.5,378754,401332739.0,0.13,1.79,0.0,0.0,-55820142.0,15655568.0,40164573.0,-17729735.0,-38090407.0,-13.91,3.9,10.01,-4.42,-9.49
2025-03-24,600000,浦发银行,10.42,10.61,10.63,10.42,464497,489527179.0,0.16,2.01,1.34,0.14,-35073705.0,39880282.0,-4806576.0,-22480822.0,-12592883.0,-7.16,8.15,-0.98,-4.59,-2.57
2025-03-21,600000,浦发银行,10.63,10.47,10.72,10.41,563442,594649834.0,0.19,2.91,-1.78,-0.19,57603375.0,-21718558.0,-35884818.0,44517838.0,13085537.0,9.69,-3.65,-6.03,7.49,2.2
2025-03-20,600000,浦发银行,10.64,10.66,10.69,10.6,295485,314685882.0,0.1,0.85,0.09,0.01,12427777.0,-25122592.0,12694815.0,-430090.0,12857867.0,3.95,-7.98,4.03,-0.14,4.09
2025-03-19,600000,浦发银行,10.59,10.65,10.68,10.56,346048,367827209.0,0.12,1.13,0.09,0.01,21227471.0,2831876.0,-24059347.0,29408474.0,-8181003.0,5.77,0.77,-6.54,8.0,-2.22
2025-03-18,600000,浦发银行,10.63,10.64,10.72,10.52,409706,436226250.0,0.14,1.89,0.38,0.04,46322.0,-11354723.0,11308402.0,10008042.0,-9961720.0,0.01,-2.6,2.59,2.29,-2.28
2025-03-17,600000,浦发银行,10.55,10.6,10.66,10.39,592514,626647199.0,0.2,2.59,1.73,0.18,-1393169.0,-33058496.0,34451666.0,59944452.0,-61337621.0,-0.22,-5.28,5.5,9.57,-9.79
2025-03-14,600000,浦发银行,10.28,10.42,10.49,10.24,784221,815108919.0,0.27,2.45,1.96,0.2,-34964442.0,-8393197.0,43357633.0,84949001.0,-119913443.0,-4.29,-1.03,5.32,10.42,-14.71
2025-03-13,600000,浦发银行,10.16,10.22,10.25,10.12,467144,476613669.0,0.16,1.28,0.99,0.1,54737507.0,37181605.0,-91919112.0,76243194.0,-21505687.0,11.48,7.8,-19.29,16.0,-4.51
2025-03-12,600000,浦发银行,10.12,10.12,10.18,10.01,428689,433414445.0,0.15,1.68,0.0,0.0,28938720.0,8516137.0,-37454858.0,34333146.0,-5394426.0,6.68,1.96,-8.64,7.92,-1.24
2025-03-11,600000,浦发银行,10.04,10.12,10.12,10.03,352082,354675247.0,0.12,0.89,0.2,0.02,13618238.0,4257381.0,-17875620.0,13456166.0,162072.0,3.84,1.2,-5.04,3.79,0.05
2025-03-10,600000,浦发银行,10.1,10.1,10.14,10.01,435945,438534236.0,0.15,1.28,-0.39,-0.04,58417823.0,-35280999.0,-23136825.0,49353565.0,9064258.0,13.32,-8.05,-5.28,11.25,2.07
2025-03-07,600000,浦发银行,10.15,10.14,10.19,10.06,370059,374991809.0,0.13,1.28,0.1,0.01,-22201720.0,1949042.0,20252677.0,4226028.0,-26427748.0,-5.92,0.52,5.4,1.13,-7.05
2025-03-06,600000,浦发银行,10.25,10.13,10.26,10.08,434994,441681584.0,0.15,1.76,-1.17,-0.12,-33976868.0,2961024.0,31015843.0,-2777677.0,-31199191.0,-7.69,0.67,7.02,-0.63,-7.06
2025-03-05,600000,浦发银行,10.14,10.25,10.26,10.05,416864,424730036.0,0.14,2.08,1.49,0.15,12463348.0,8257236.0,-20720584.0,24198908.0,-11735560.0,2.93,1.94,-4.88,5.7,-2.76
2025-03-04,600000,浦发银行,10.1,10.1,10.19,10.1,297698,301634439.0,0.1,0.89,-0.49,-0.05,10084302.0,4457352.0,-14541653.0,13007803.0,-2923501.0,3.34,1.48,-4.82,4.31,-0.97
2025-03-03,600000,浦发银行,10.19,10.15,10.22,10.08,430109,436849850.0,0.15,1.38,-0.2,-0.02,23821925.0,-14121186.0,-9700739.0,17959621.0,5862304.0,5.45,-3.23,-2.22,4.11,1.34
2025-02-28,600000,浦发银行,10.23,10.17,10.3,10.17,446511,457102788.0,0.15,1.27,-0.68,-0.07,-5396709.0,5340296.0,56412.0,12145771.0,-17542480.0,-1.18,1.17,0.01,2.66,-3.84
2025-02-27,600000,浦发银行,10.22,10.24,10.26,10.11,379992,387232885.0,0.13,1.47,0.59,0.06,32430386.0,-8310575.0,-24119811.0,27948538.0,4481848.0,8.37,-2.15,-6.23,7.22,1.16
2025-02-26,600000,浦发银行,10.15,10.18,10.32,10.12,555367,567601088.0,0.19,1.98,0.79,0.08,40660568.0,-89021039.0,48360473.0,52832661.0,-12172093.0,7.16,-15.68,8.52,9.31,-2.14
2025-02-25,600000,浦发银行,10.2,10.1,10.25,10.07,371599,377213137.0,0.13,1.76,-1.08,-0.11,32539308.0,-41546738.0,9007429.0,42438049.0,-9898741.0,8.63,-11.01,2.39,11.25,-2.62
2025-02-24,600000,浦发银行,10.27,10.21,10.31,10.19,437414,447600690.0,0.15,1.17,-0.78,-0.08,28480288.0,-67401792.0,38921504.0,54937790.0,-26457502.0,6.36,-15.06,8.7,12.27,-5.91
2025-02-21,600000,浦发银行,10.39,10.29,10.43,10.23,503915,519161893.0,0.17,1.92,-0.96,-0.1,-9722295.0,10313472.0,-591177.0,11584394.0,-21306689.0,-1.87,1.99,-0.11,2.23,-4.1
2025-02-20,600000,浦发银行,10.42,10.39,10.49,10.34,272236,283297510.0,0.09,1.44,-0.48,-0.05,17042678.0,-30540797.0,13498119.0,9372072.0,7670606.0,6.02,-10.78,4.76,3.31,2.71
2025-02-19,600000,浦发银行,10.45,10.44,10.59,10.42,423643,444710362.0,0.14,1.62,-0.57,-0.06,11656882.0,-33380199.0,21723317.0,19325094.0,-7668212.0,2.62,-7.51,4.88,4.35,-1.72
2025-02-18,600000,浦发银行,10.26,10.5,10.54,10.21,627840,654395131.0,0.21,3.21,2.24,0.23,3818804.0,3108768.0,-6927572.0,24565643.0,-20746839.0,0.58,0.48,-1.06,3.75,-3.17
2025-02-17,600000,浦发银行,10.44,10.27,10.46,10.2,523111,538356331.0,0.18,2.5,-1.34,-0.14,-27212002.0,-23930922.0,51142924.0,34084149.0,-61296151.0,-5.05,-4.45,9.5,6.33,-11.39
2025-02-14,600000,浦发银行,10.35,10.41,10.43,10.25,563006,581842513.0,0.19,1.75,0.97,0.1,-87515469.0,31623516.0,55891953.0,39046495.0,-126561964.0,-15.04,5.44,9.61,6.71,-21.75
2025-02-13,600000,浦发银行,10.39,10.31,10.44,10.3,484543,501218511.0,0.17,1.34,-0.96,-0.1,-57545465.0,28586283.0,28959181.0,19540702.0,-77086167.0,-11.48,5.7,5.78,3.9,-15.38
2025-02-12,600000,浦发银行,10.32,10.41,10.42,10.24,331003,342797074.0,0.11,1.75,1.07,0.11,7763203.0,715943.0,-8479148.0,9285576.0,-1522373.0,2.26,0.21,-2.47,2.71,-0.44
2025-02-11,600000,浦发银行,10.29,10.3,10.38,10.23,346517,356843470.0,0.12,1.46,0.29,0.03,-17471967.0,164340.0,17307627.0,18436977.0,-35908944.0,-4.9,0.05,4.85,5.17,-10.06
2025-02-10,600000,浦发银行,10.32,10.27,10.44,10.23,412347,426297964.0,0.14,2.03,-0.68,-0.07,-20375296.0,15123404.0,5251893.0,20558435.0,-40933731.0,-4.78,3.55,1.23,4.82,-9.6
2025-02-07,600000,浦发银行,10.43,10.34,10.45,10.3,456001,472723881.0,0.16,1.44,-0.86,-0.09,-20165126.0,-1805353.0,21970480.0,632249.0,-20797375.0,-4.27,-0.38,4.65,0.13,-4.4
2025-02-06,600000,浦发银行,10.38,10.43,10.5,10.3,385984,400818917.0,0.13,1.92,0.19,0.02,14152718.0,-14648585.0,495867.0,-9036374.0,23189092.0,3.53,-3.65,0.12,-2.25,5.79
2025-02-05,600000,浦发银行,10.66,10.41,10.69,10.4,517235,542382245.0,0.18,2.72,-2.25,-0.24,48487210.0,-52933903.0,4446692.0,2799533.0,45687677.0,8.94,-9.76,0.82,0.52,8.42
2025-01-27,600000,浦发银行,10.42,10.65,10.7,10.4,594882,632694603.0,0.2,2.89,2.5,0.26,10987.0,-37431872.0,37420886.0,-28032823.0,28043810.0,0.0,-5.92,5.91,-4.43,4.43
2025-01-24,600000,浦发银行,10.26,10.39,10.49,10.17,724638,752560118.0,0.25,3.1,0.78,0.08,49281915.0,-14623586.0,-34658330.0,-43437728.0,92719643.0,6.55,-1.94,-4.61,-5.77,12.32
2025-01-23,600000,浦发银行,10.11,10.31,10.37,10.06,655807,670951809.0,0.22,3.09,2.79,0.28,-45310612.0,41969405.0,3341205.0,-41146252.0,-4164360.0,-6.75,6.26,0.5,-6.13,-0.62
2025-01-22,600000,浦发银行,10.33,10.03,10.38,10.01,583742,589944614.0,0.2,3.57,-3.28,-0.34,58470004.0,-47381615.0,-11088388.0,25478980.0,32991024.0,9.91,-8.03,-1.88,4.32,5.59
2025-01-21,600000,浦发银行,10.36,10.37,10.48,10.27,308521,320946733.0,0.11,2.03,0.0,0.0,13521944.0,-31536863.0,18014919.0,19532754.0,-6010810.0,4.21,-9.83,5.61,6.09,-1.87
2025-01-20,600000,浦发银行,10.32,10.37,10.45,10.23,374426,388948241.0,0.13,2.14,0.97,0.1,-34311925.0,9289546.0,25022380.0,-13385669.0,-20926256.0,-8.82,2.39,6.43,-3.44,-5.38
2025-01-17,600000,浦发银行,10.25,10.27,10.3,10.08,416632,426549432.0,0.14,2.15,0.59,0.06,-19783425.0,15182577.0,4600846.0,-3715594.0,-16067831.0,-4.64,3.56,1.08,-0.87,-3.77
2025-01-16,600000,浦发银行,10.29,10.21,10.31,10.13,337689,344708150.0,0.12,1.76,0.0,0.0,22450845.0,-32967727.0,10516880.0,6969826.0,15481019.0,6.51,-9.56,3.05,2.02,4.49
2025-01-15,600000,浦发银行,10.16,10.21,10.39,10.13,384608,394080520.0,0.13,2.56,0.49,0.05,808973.0,-13993809.0,13184836.0,17212529.0,-16403556.0,0.21,-3.55,3.35,4.37,-4.16
2025-01-14,600000,浦发银行,10.03,10.16,10.21,9.94,386587,390328866.0,0.13,2.7,1.6,0.16,3005357.0,-12556358.0,9551001.0,-5499791.0,8505148.0,0.77,-3.22,2.45,-1.41,2.18
2025-01-13,600000,浦发银行,10.06,10.0,10.13,9.85,382177,381632220.0,0.13,2.76,-1.28,-0.13,4070945.0,-5455471.0,1384526.0,20094873.0,-16023928.0,1.07,-1.43,0.36,5.27,-4.2
2025-01-10,600000,浦发银行,10.23,10.13,10.28,10.03,319335,324388873.0,0.11,2.45,-0.59,-0.06,-7326229.0,35043780.0,-27717550.0,-2751199.0,-4575030.0,-2.26,10.8,-8.54,-0.85,-1.41
2025-01-09,600000,浦发银行,10.33,10.19,10.33,10.13,392219,401208215.0,0.13,1.94,-1.07,-0.11,4831767.0,25248769.0,-30080536.0,11299256.0,-6467489.0,1.2,6.29,-7.5,2.82,-1.61
2025-01-08,600000,浦发银行,10.26,10.3,10.37,10.2,482375,496301045.0,0.16,1.66,0.29,0.03,-26622125.0,29487338.0,-2865212.0,-6727376.0,-19894749.0,-5.36,5.94,-0.58,-1.36,-4.01
2025-01-07,600000,浦发银行,10.11,10.27,10.3,10.11,402651,411488492.0,0.14,1.87,1.18,0.12,-12294681.0,25323521.0,-13028840.0,-11651793.0,-642888.0,-2.99,6.15,-3.17,-2.83,-0.16
2025-01-06,600000,浦发银行,10.13,10.15,10.2,9.81,798013,804593504.0,0.27,3.88,0.89,0.09,-30844899.0,33750834.0,-2905942.0,115141441.0,-145986340.0,-3.83,4.19,-0.36,14.31,-18.14
2025-01-03,600000,浦发银行,10.12,10.06,10.22,10.02,506939,511576494.0,0.17,1.97,-0.69,-0.07,47050522.0,27109275.0,-74159797.0,26324927.0,20725595.0,9.2,5.3,-14.5,5.15,4.05
2025-01-02,600000,浦发银行,10.3,10.13,10.42,10.05,789071,803904040.0,0.27,3.6,-1.55,-0.16,-31288674.0,51244922.0,-19956249.0,40124252.0,-71412926.0,-3.89,6.37,-2.48,4.99,-8.88
2024-12-31,600000,浦发银行,10.43,10.29,10.56,10.28,577834,602393523.0,0.2,2.67,-1.72,-0.18,-79517551.0,37791581.0,41725971.0,-9529690.0,-69987861.0,-13.2,6.27,6.93,-1.58,-11.62
2024-12-30,600000,浦发银行,10.34,10.47,10.49,10.31,784778,818657792.0,0.27,1.74,1.06,0.11,,,,,,,,,,
2024-12-27,600000,浦发银行,10.33,10.36,10.39,10.12,695064,714702134.0,0.24,2.61,0.19,0.02,,,,,,,,,,
2024-12-26,600000,浦发银行,10.35,10.34,10.39,10.16,611522,628394287.0,0.21,2.22,-0.1,-0.01,,,,,,,,,,
2024-12-25,600000,浦发银行,10.13,10.35,10.39,10.13,727396,749135069.0,0.25,2.57,2.17,0.22,,,,,,,,,,
2024-12-24,600000,浦发银行,9.89,10.13,10.17,9.89,844382,851921287.0,0.29,2.82,2.01,0.2,,,,,,,,,,
2024-12-23,600000,浦发银行,9.63,9.93,10.08,9.6,1164447,1156091291.0,0.4,5.01,3.65,0.35,,,,,,,,,,
2024-12-20,600000,浦发银行,9.57,9.58,9.72,9.55,492981,473948599.0,0.17,1.78,0.52,0.05,,,,,,,,,,
2024-12-19,600000,浦发银行,9.51,9.53,9.56,9.42,429878,408829151.0,0.15,1.47,-0.1,-0.01,,,,,,,,,,
2024-12-18,600000,浦发银行,9.56,9.54,9.68,9.51,397987,381602845.0,0.14,1.78,0.1,0.01,,,,,,,,,,
2024-12-17,600000,浦发银行,9.65,9.53,9.7,9.5,411857,394758764.0,0.14,2.07,-1.14,-0.11,,,,,,,,,,
2024-12-16,600000,浦发银行,9.62,9.64,9.75,9.62,341836,331030756.0,0.12,1.35,-0.21,-0.02,,,,,,,,,,
2024-12-13,600000,浦发银行,9.76,9.66,9.8,9.6,672669,652085647.0,0.23,2.04,-1.63,-0.16,,,,,,,,,,
2024-12-12,600000,浦发银行,9.65,9.82,9.82,9.59,496515,482603362.0,0.17,2.39,1.97,0.19,,,,,,,,,,
2024-12-11,600000,浦发银行,9.8,9.63,9.84,9.62,487628,472263000.0,0.17,2.24,-1.73,-0.17,,,,,,,,,,
2024-12-10,600000,浦发银行,9.82,9.8,9.92,9.71,583386,572248614.0,0.2,2.17,1.45,0.14,,,,,,,,,,
2024-12-09,600000,浦发银行,9.65,9.66,9.75,9.63,325829,315468554.0,0.11,1.24,-0.41,-0.04,,,,,,,,,,
2024-12-06,600000,浦发银行,9.62,9.7,9.79,9.62,406297,394516285.0,0.14,1.76,0.62,0.06,,,,,,,,,,
2024-12-05,600000,浦发银行,9.68,9.64,9.78,9.63,291736,282719717.0,0.1,1.54,-1.13,-0.11,,,,,,,,,,
2024-12-04,600000,浦发银行,9.65,9.75,9.78,9.55,511934,496410995.0,0.17,2.38,1.04,0.1,,,,,,,,,,
2024-12-03,600000,浦发银行,9.46,9.65,9.65,9.41,419264,400570471.0,0.14,2.53,1.69,0.16,,,,,,,,,,
2024-12-02,600000,浦发银行,9.45,9.49,9.5,9.37,466043,440070881.0,0.16,1.37,0.32,0.03,,,,,,,,,,
2024-11-29,600000,浦发银行,9.52,9.46,9.61,9.43,465407,443290385.0,0.16,1.91,0.21,0.02,,,,,,,,,,
2024-11-28,600000,浦发银行,9.49,9.44,9.54,9.33,391547,370385580.0,0.13,2.23,0.11,0.01,,,,,,,,,,
2024-11-27,600000,浦发银行,9.31,9.43,9.47,9.18,430074,401498755.0,0.15,3.11,1.29,0.12,,,,,,,,,,
2024-11-26,600000,浦发银行,9.32,9.31,9.33,9.22,489834,454616327.0,0.17,1.18,-0.21,-0.02,,,,,,,,,,
2024-11-25,600000,浦发银行,9.61,9.33,9.61,9.31,609220,573140420.0,0.21,3.16,-1.58,-0.15,,,,,,,,,,
2024-11-22,600000,浦发银行,9.72,9.48,9.75,9.47,443590,425677485.0,0.15,2.88,-2.47,-0.24,,,,,,,,,,
2024-11-21,600000,浦发银行,9.71,9.72,9.77,9.68,296128,287464178.0,0.1,0.93,0.1,0.01,,,,,,,,,,
2024-11-20,600000,浦发银行,9.77,9.71,9.85,9.69,454658,442364520.0,0.15,1.63,-0.82,-0.08,,,,,,,,,,
2024-11-19,600000,浦发银行,9.85,9.79,10.05,9.67,739982,728900946.0,0.25,3.87,-0.41,-0.04,,,,,,,,,,
2024-11-18,600000,浦发银行,9.65,9.83,10.1,9.64,1006966,999828599.0,0.34,4.82,3.04,0.29,,,,,,,,,,
2024-11-15,600000,浦发银行,9.61,9.54,9.7,9.5,488212,469147894.0,0.17,2.07,-1.14,-0.11,,,,,,,,,,
2024-11-14,600000,浦发银行,9.61,9.65,9.71,9.57,454519,438914972.0,0.15,1.45,0.21,0.02,,,,,,,,,,
2024-11-13,600000,浦发银行,9.63,9.63,9.74,9.6,438722,423812435.0,0.15,1.45,-0.31,-0.03,,,,,,,,,,
2024-11-12,600000,浦发银行,9.73,9.66,9.82,9.66,496827,483318065.0,0.17,1.65,-0.62,-0.06,,,,,,,,,,
2024-11-11,600000,浦发银行,9.9,9.72,10.12,9.66,800003,779227780.0,0.27,4.57,-3.38,-0.34,,,,,,,,,,
2024-11-08,600000,浦发银行,10.33,10.06,10.36,10.03,537647,545876293.0,0.18,3.21,-2.14,-0.22,,,,,,,,,,
2024-11-07,600000,浦发银行,9.94,10.28,10.28,9.92,643972,650432796.0,0.22,3.62,3.32,0.33,,,,,,,,,,
2024-11-06,600000,浦发银行,10.04,9.95,10.14,9.9,742087,740524751.0,0.25,2.39,-1.09,-0.11,,,,,,,,,,
2024-11-05,600000,浦发银行,9.97,10.06,10.06,9.91,414748,414411280.0,0.14,1.5,0.7,0.07,,,,,,,,,,
2024-11-04,600000,浦发银行,9.97,9.99,10.0,9.84,337732,335231219.0,0.12,1.61,0.5,0.05,,,,,,,,,,
2024-11-01,600000,浦发银行,9.86,9.94,10.0,9.77,439393,435757873.0,0.15,2.34,1.02,0.1,,,,,,,,,,
2024-10-31,600000,浦发银行,10.01,9.84,10.05,9.71,600214,589919638.0,0.2,3.42,-1.01,-0.1,,,,,,,,,,
2024-10-30,600000,浦发银行,9.99,9.94,10.12,9.91,420374,419434797.0,0.14,2.1,-0.5,-0.05,,,,,,,,,,
2024-10-29,600000,浦发银行,10.01,9.99,10.15,9.97,340699,341853848.0,0.12,1.79,-0.7,-0.07,,,,,,,,,,
2024-10-28,600000,浦发银行,10.1,10.06,10.1,9.95,317027,317673595.0,0.11,1.49,-0.2,-0.02,,,,,,,,,,
2024-10-25,600000,浦发银行,10.14,10.08,10.2,10.07,284199,287640631.0,0.1,1.28,-0.59,-0.06,,,,,,,,,,
2024-10-24,600000,浦发银行,10.12,10.14,10.25,10.12,240173,244345562.0,0.08,1.28,-0.39,-0.04,,,,,,,,,,
2024-10-23,600000,浦发银行,10.12,10.18,10.25,10.1,335662,341483787.0,0.11,1.48,0.49,0.05,,,,,,,,,,
2024-10-22,600000,浦发银行,10.16,10.13,10.27,10.01,428034,432235691.0,0.15,2.56,-0.3,-0.03,,,,,,,,,,
2024-10-21,600000,浦发银行,10.18,10.16,10.22,9.95,645230,651623310.0,0.22,2.66,0.1,0.01,,,,,,,,,,
2024-10-18,600000,浦发银行,10.18,10.15,10.33,10.02,622063,633125532.0,0.21,3.03,-0.68,-0.07,,,,,,,,,,
2024-10-17,600000,浦发银行,10.34,10.22,10.48,10.22,455767,471133860.0,0.16,2.51,-1.16,-0.12,,,,,,,,,,
2024-10-16,600000,浦发银行,10.15,10.34,10.46,10.15,526150,545095953.0,0.18,3.02,0.88,0.09,,,,,,,,,,
2024-10-15,600000,浦发银行,10.45,10.25,10.53,10.25,629397,654527534.0,0.21,2.69,-1.44,-0.15,,,,,,,,,,
2024-10-14,600000,浦发银行,10.31,10.4,10.54,10.25,883078,918408286.0,0.3,2.85,2.36,0.24,,,,,,,,,,
2024-10-11,600000,浦发银行,10.37,10.16,10.52,10.02,589377,606557618.0,0.2,4.85,-1.45,-0.15,,,,,,,,,,
2024-10-10,600000,浦发银行,10.06,10.31,10.49,10.05,1016399,1044726819.0,0.35,4.44,4.04,0.4,,,,,,,,,,
2024-10-09,600000,浦发银行,10.5,9.91,10.5,9.91,1160727,1183819440.0,0.4,5.62,-5.62,-0.59,,,,,,,,,,
